{
    "1": {
        "z0": 0.1,
        "d": 0.0,
        "desc": "non-forest (cropland grassland other)"
    },
    "2": {
        "z0": 0.3,
        "d": 0.0,
        "desc": "Coniferous Forest"
    },
    "3": {
        "z0": 0.3,
        "d": 0.0,
        "desc": "Deciduous Forest"
    },
    "4": {
        "z0": 1.0,
        "d": 0.0,
        "desc": "Urban/Built up"
    },
    "5": {
        "z0": 0.0,
        "d": 0.0,
        "desc": "Water Bodies"
    },
    "25": {
        "z0": 0.8607928156852722,
        "d": 1.3606761693954468,
        "desc": "SCADIS 1D  treeheight=5.0  lai=2.0  alpha=1.972275436132939  beta=3.0"
    },
    "26": {
        "z0": 1.635179877281189,
        "d": 3.9092235565185547,
        "desc": "SCADIS 1D  treeheight=10.0  lai=2.0  alpha=4.147986995347545  beta=3.0"
    },
    "31": {
        "z0": 0.7677101492881775,
        "d": 1.8220406770706177,
        "desc": "SCADIS 1D  treeheight=5.0  lai=3.0  alpha=1.972275436132939  beta=3.0"
    },
    "27": {
        "z0": 1.955061674118042,
        "d": 8.072720527648926,
        "desc": "SCADIS 1D  treeheight=15.0  lai=2.0  alpha=7.4018025574168345  beta=3.0"
    },
    "32": {
        "z0": 1.2184932231903076,
        "d": 5.223937511444092,
        "desc": "SCADIS 1D  treeheight=10.0  lai=3.0  alpha=4.147986995347545  beta=3.0"
    },
    "33": {
        "z0": 1.298663854598999,
        "d": 9.977835655212402,
        "desc": "SCADIS 1D  treeheight=15.0  lai=3.0  alpha=7.4018025574168345  beta=3.0"
    },
    "39": {
        "z0": 1.0247472524642944,
        "d": 10.827661514282227,
        "desc": "SCADIS 1D  treeheight=15.0  lai=4.0  alpha=7.4018025574168345  beta=3.0"
    },
    "38": {
        "z0": 0.9917110204696655,
        "d": 5.944902420043945,
        "desc": "SCADIS 1D  treeheight=10.0  lai=4.0  alpha=4.147986995347545  beta=3.0"
    },
    "37": {
        "z0": 0.6786695718765259,
        "d": 2.1701266765594482,
        "desc": "SCADIS 1D  treeheight=5.0  lai=4.0  alpha=1.972275436132939  beta=3.0"
    },
    "40": {
        "z0": 1.2093126773834229,
        "d": 14.763534545898438,
        "desc": "SCADIS 1D  treeheight=20.0  lai=4.0  alpha=8.645046900464706  beta=3.0"
    },
    "34": {
        "z0": 1.5370811223983765,
        "d": 13.74570083618164,
        "desc": "SCADIS 1D  treeheight=20.0  lai=3.0  alpha=8.645046900464706  beta=3.0"
    },
    "44": {
        "z0": 0.8595631122589111,
        "d": 6.386971473693848,
        "desc": "SCADIS 1D  treeheight=10.0  lai=5.0  alpha=4.147986995347545  beta=3.0"
    },
    "43": {
        "z0": 0.6115894913673401,
        "d": 2.423017978668213,
        "desc": "SCADIS 1D  treeheight=5.0  lai=5.0  alpha=1.972275436132939  beta=3.0"
    }
}